{
  "project_info": {
    "project_number": "1055474217614",
    "firebase_url": "https://workcareer-8d5bb-default-rtdb.firebaseio.com",
    "project_id": "workcareer-8d5bb",
    "storage_bucket": "workcareer-8d5bb.appspot.com"
  },
  "client": [
    {
      "client_info": {
        "mobilesdk_app_id": "1:1055474217614:android:d41df610e060227fe00fdf",
        "android_client_info": {
          "package_name": "com.example.workcareer"
        }
      },
      "oauth_client": [],
      "api_key": [
        {
          "current_key": "AIzaSyCQBy00jZAo6W_X1qvIxLYnNklb5Ctqbf4"
        }
      ],
      "services": {
        "appinvite_service": {
          "other_platform_oauth_client": []
        }
      }
    }
  ],
  "configuration_version": "1"
}